Model,MAE,RMSE,MAPE
Prophet,9839.83736776228,14133.075429769082,15.668720507946766
XGBoost,10174.215506249999,13338.262536550908,17.461160510711295
Holt-Winters,11385.551098753765,12429.773455290939,22.745542440771782
Optimized SARIMA,13369.765677929123,15742.153087616589,26.674795535057434
